[{"id":"4f9316c5-dde3-41f2-8a5b-485aaa911091","name":"Navigation Menu","codename":"navigation_menu","type":{"id":"4aac3f22-7a52-5f24-bca3-e36e3a539f12"},"collection":{"id":"00000000-0000-0000-0000-000000000000"},"sitemap_locations":[],"last_modified":"2020-09-03T14:10:12.4317979Z"},{"id":"4514ecde-3955-4702-9c2a-5f4e816957f8","name":"Articles","codename":"articles","type":{"id":"8be4c041-6021-58a2-8414-c32614ddda49"},"collection":{"id":"00000000-0000-0000-0000-000000000000"},"sitemap_locations":[],"last_modified":"2020-09-03T14:10:12.7287132Z"},{"id":"97f5d2b0-4a59-4ead-85c1-97fae818bd55","name":"About Me","codename":"about_me","type":{"id":"8be4c041-6021-58a2-8414-c32614ddda49"},"collection":{"id":"00000000-0000-0000-0000-000000000000"},"sitemap_locations":[],"last_modified":"2020-09-03T14:10:12.9996139Z"},{"id":"72553d42-d51f-44b4-a23d-f32cb0184c40","name":"Contact","codename":"contact_me","type":{"id":"8be4c041-6021-58a2-8414-c32614ddda49"},"collection":{"id":"00000000-0000-0000-0000-000000000000"},"sitemap_locations":[],"last_modified":"2020-09-03T14:10:13.2130522Z"},{"id":"fca31b7a-a639-42d6-b915-65aeeb6717b5","name":"Site Metadata","codename":"site_metadata","type":{"id":"06f7e41c-bef0-5013-9cd4-84fa72b95e32"},"collection":{"id":"00000000-0000-0000-0000-000000000000"},"sitemap_locations":[],"last_modified":"2020-09-03T14:10:12.0724321Z"},{"id":"1c527ef3-21a1-42d2-b01c-791005c6aac3","name":"Open source","codename":"open_source","type":{"id":"8c06a8ac-3a77-5743-8357-26c4ee5158be"},"collection":{"id":"00000000-0000-0000-0000-000000000000"},"sitemap_locations":[],"last_modified":"2020-09-03T14:10:17.137804Z"},{"id":"5eb1164e-b6a8-4b3a-9c59-58741d4371cd","name":"Gatsby","codename":"gatsby","type":{"id":"8c06a8ac-3a77-5743-8357-26c4ee5158be"},"collection":{"id":"00000000-0000-0000-0000-000000000000"},"sitemap_locations":[],"last_modified":"2020-09-03T14:10:17.3381364Z"},{"id":"703b6e85-2f04-4253-9100-45b33977bfd6","name":"Typografie","codename":"typography_8ac2339","type":{"id":"8c06a8ac-3a77-5743-8357-26c4ee5158be"},"collection":{"id":"00000000-0000-0000-0000-000000000000"},"sitemap_locations":[],"last_modified":"2020-09-03T14:10:17.5881614Z"},{"id":"a647b7c6-7cbf-49b7-a8db-65c236e92f6f","name":"Dizajn","codename":"design","type":{"id":"8c06a8ac-3a77-5743-8357-26c4ee5158be"},"collection":{"id":"00000000-0000-0000-0000-000000000000"},"sitemap_locations":[],"last_modified":"2020-09-03T14:10:17.8381034Z"},{"id":"13a5078c-25d7-4b6f-8df2-d37b4ae7f584","name":"Web Development","codename":"web_development","type":{"id":"8c06a8ac-3a77-5743-8357-26c4ee5158be"},"collection":{"id":"00000000-0000-0000-0000-000000000000"},"sitemap_locations":[],"last_modified":"2020-09-03T14:10:18.2443595Z"},{"id":"f94416cd-6505-44cf-acb1-b0e5b2e5fa9d","name":"Handwriting","codename":"handwriting","type":{"id":"8c06a8ac-3a77-5743-8357-26c4ee5158be"},"collection":{"id":"00000000-0000-0000-0000-000000000000"},"sitemap_locations":[],"last_modified":"2020-09-03T14:10:19.4505161Z"},{"id":"f1d77e8e-fc13-4b91-8592-22dedfa34544","name":"Learning to write","codename":"learning_to_write","type":{"id":"8c06a8ac-3a77-5743-8357-26c4ee5158be"},"collection":{"id":"00000000-0000-0000-0000-000000000000"},"sitemap_locations":[],"last_modified":"2020-09-03T14:10:19.7443703Z"},{"id":"862cc5ea-3d87-4fe5-b463-b335288b28b0","name":"Typefaces","codename":"typefaces","type":{"id":"8c06a8ac-3a77-5743-8357-26c4ee5158be"},"collection":{"id":"00000000-0000-0000-0000-000000000000"},"sitemap_locations":[],"last_modified":"2020-09-03T14:10:19.9811083Z"},{"id":"85a2da9c-6fa1-49c8-9883-c7c175023aa4","name":"Lettering","codename":"lettering","type":{"id":"8c06a8ac-3a77-5743-8357-26c4ee5158be"},"collection":{"id":"00000000-0000-0000-0000-000000000000"},"sitemap_locations":[],"last_modified":"2020-09-03T14:10:20.3104983Z"},{"id":"8358ef7a-c7c4-466a-ac8a-c3c30995a61f","name":"History","codename":"history","type":{"id":"8c06a8ac-3a77-5743-8357-26c4ee5158be"},"collection":{"id":"00000000-0000-0000-0000-000000000000"},"sitemap_locations":[],"last_modified":"2020-09-03T14:10:21.0124224Z"},{"id":"ea565c9c-ba71-4f4e-9cd1-757bbcede680","name":"Author","codename":"author","type":{"id":"ef0e5861-907e-5592-b4b4-cb8574a4e887"},"collection":{"id":"00000000-0000-0000-0000-000000000000"},"sitemap_locations":[],"last_modified":"2020-09-03T14:10:13.4185537Z"},{"id":"918439e5-a6aa-42af-9bc2-0b4a8a57ec41","name":"Typografie","codename":"typography","type":{"id":"6bc05c55-cc58-52a5-8742-a48db5fcc1e2"},"collection":{"id":"00000000-0000-0000-0000-000000000000"},"sitemap_locations":[],"last_modified":"2020-09-03T14:10:16.8744722Z"},{"id":"4a6b3f1e-546c-47e6-8eb9-cd2ae8cfe7d6","name":"Gatsby","codename":"gatsby_92b8911","type":{"id":"6bc05c55-cc58-52a5-8742-a48db5fcc1e2"},"collection":{"id":"00000000-0000-0000-0000-000000000000"},"sitemap_locations":[],"last_modified":"2020-09-03T14:10:18.7287367Z"},{"id":"89730394-3453-426a-ac1a-0a0e7702d707","name":"Design Inspiration","codename":"design_inspiration","type":{"id":"6bc05c55-cc58-52a5-8742-a48db5fcc1e2"},"collection":{"id":"00000000-0000-0000-0000-000000000000"},"sitemap_locations":[],"last_modified":"2020-09-03T14:10:19.1872943Z"},{"id":"7f1da7ab-ae15-4f6a-a898-458997285882","name":"About me","codename":"about_me_e96de10","type":{"id":"612cc4e4-1cce-5d6b-b0d3-2bff24408a8d"},"collection":{"id":"00000000-0000-0000-0000-000000000000"},"sitemap_locations":[],"last_modified":"2020-09-03T14:10:16.2923884Z"},{"id":"eaed264a-f584-4f3d-8214-d691a41e9526","name":"Contact","codename":"contact","type":{"id":"612cc4e4-1cce-5d6b-b0d3-2bff24408a8d"},"collection":{"id":"00000000-0000-0000-0000-000000000000"},"sitemap_locations":[],"last_modified":"2020-09-03T14:10:16.6372852Z"},{"id":"b4b0038e-bc7d-45d9-9aff-ea7699e8063e","name":"Perfecting the Art of Perfection","codename":"perfecting_the_art_of_perfection","type":{"id":"1f19c9de-51a2-55bd-96c5-dfab198a4e2d"},"collection":{"id":"00000000-0000-0000-0000-000000000000"},"sitemap_locations":[],"last_modified":"2020-09-03T14:10:13.8246154Z"},{"id":"5c9e7470-6581-4231-ad97-d1e12f7f09b5","name":"The Origins of Social Stationery Lettering","codename":"the_origins_of_social_stationery_lettering","type":{"id":"1f19c9de-51a2-55bd-96c5-dfab198a4e2d"},"collection":{"id":"00000000-0000-0000-0000-000000000000"},"sitemap_locations":[],"last_modified":"2020-09-03T14:10:14.7443239Z"},{"id":"8957726b-dd3b-4167-bf60-33771da17b05","name":"A Brief History of Typography","codename":"untitled_content_item","type":{"id":"1f19c9de-51a2-55bd-96c5-dfab198a4e2d"},"collection":{"id":"00000000-0000-0000-0000-000000000000"},"sitemap_locations":[],"last_modified":"2020-09-03T14:10:15.5099552Z"},{"id":"24eb7133-a338-417e-a08c-fc2283fa72d7","name":"Humane Typography in the Digital Age","codename":"humane_typography_in_the_digital_age","type":{"id":"1f19c9de-51a2-55bd-96c5-dfab198a4e2d"},"collection":{"id":"00000000-0000-0000-0000-000000000000"},"sitemap_locations":[],"last_modified":"2020-09-03T14:10:15.7765068Z"},{"id":"97107ab1-4f23-46fc-8be2-c1aef4a272ef","name":"Upgraded to Gatsby v2","codename":"upgraded_to_gatsby_v2","type":{"id":"1f19c9de-51a2-55bd-96c5-dfab198a4e2d"},"collection":{"id":"00000000-0000-0000-0000-000000000000"},"sitemap_locations":[],"last_modified":"2020-09-03T14:10:16.0568413Z"}]